platform,gamesCount,peopleCount,companiesCount,startYear,endYear
"1292 Advanced Programmable Video System",56,5,23,1976,1983
"3DO",256,5990,308,1993,1996
"ABC 80",1,2,1,1979,1979
"Acorn 32-bit",249,448,156,1987,2024
"Adventure Vision",4,0,4,1982,1982
"AirConsole",6,0,10,2016,2020
"Alice 32/90",8,9,7,1984,1985
"Altair 680",1,1,1,1977,1977
"Altair 8800",105,68,21,1975,1982
"Amazon Alexa",132,135,88,2016,2026
"Amiga",3996,10211,1800,1985,2026
"Amiga CD32",187,1083,196,1993,2025
"Amstrad CPC",2364,2026,800,1984,2026
"Amstrad PCW",126,84,79,1985,2020
"Android",14076,95142,9099,2007,2027
"Antstream",1196,51,448,2014,2026
"APF MP1000/Imagination Machine",14,1,2,1978,1980
"Apple I",10,3,4,1976,1978
"Apple II",2997,3312,848,1977,2023
"Apple IIgs",220,736,155,1986,2024
"Arcade",3653,18708,1148,1950,2026
"Arcadia 2001",36,0,15,1982,1983
"Arduboy",34,39,10,2015,2021
"Astral 2000",1,0,1,1976,1976
"Atari 2600",676,535,206,1977,2026
"Atari 5200",95,102,57,1982,2025
"Atari 7800",86,113,53,1986,2025
"Atari 8-bit",2229,2173,633,1979,2025
"Atari ST",2527,4117,1061,1985,2026
"Atari VCS",106,10,71,2020,2025
"Atom",38,23,12,1980,2023
"Auto Response Board",3,3,3,1980,1984
"bada",94,2,86,2009,2014
"Bally Astrocade",29,13,13,1978,1983
"Bandai RX-78 Gundam",5,0,3,1983,1983
"BBC Micro",1373,864,388,1981,2025
"BeOS",43,295,23,1997,2011
"BlackBerry",446,33,305,2006,2017
"Blacknut",501,0,749,2018,2025
"Blu-ray Disc Player",26,18,35,2007,2026
"BREW",421,587,271,2002,2012
"Browser",7102,24261,3120,1994,2026
"Bubble",2,27,5,2005,2005
"Camputers Lynx",18,8,7,1983,2019
"Casio FP-1000/1100",4,0,2,1983,2023
"Casio Loopy",11,26,4,1995,1997
"Casio Programmable Calculator",4,3,2,1978,1980
"Casio PV-1000",14,1,6,1983,2023
"CD-i",217,3607,189,1990,2022
"CDTV",55,344,63,1991,1993
"Champion 2711",5,0,1,1978,1978
"Channel F",30,5,11,1976,2022
"ClickStart",14,0,7,2007,2008
"Coleco Adam",39,18,34,1983,2017
"ColecoVision",168,160,85,1982,2026
"Colour Genie",14,3,7,1982,1984
"Commodore 128",30,33,22,1985,2022
"Commodore 16, Plus/4",514,271,187,1984,2025
"Commodore 64",5755,6547,1849,1982,2026
"Commodore PET/CBM",834,315,161,1977,2024
"Compal 80",1,0,1,1978,1978
"Compucolor I",3,1,3,1977,1980
"Compucolor II",23,5,3,1978,1980
"Compucorp Programmable Calculator",7,2,0,1975,1976
"COSMAC",83,69,9,1976,1982
"CP/M",78,29,31,1977,2020
"CreatiVision",5,0,1,1981,2024
"Cybervision",11,1,2,1978,1979
"DAI",2,2,0,1980,1980
"Danger OS",1,0,3,2007,2007
"Dedicated console",627,711,561,1956,2026
"Dedicated handheld",1007,55,408,1976,2026
"Didj",2,143,7,2008,2009
"digiBlast",10,0,14,2005,2007
"DoJa",321,634,147,2001,2012
"DOS",8463,39650,3888,1981,2025
"Dragon 32/64",677,248,213,1982,2023
"Dreamcast",612,19136,717,1998,2025
"DVD Player",791,3653,582,1997,2026
"ECD Micromind",2,0,1,1977,1977
"Electron",686,134,208,1982,2023
"Enterprise",31,15,14,1985,2025
"Epoch Cassette Vision",4,0,1,1981,1982
"Epoch Game Pocket Computer",4,0,2,1985,2023
"Epoch Super Cassette Vision",13,0,4,1984,2023
"Evercade",97,11,71,2020,2026
"Exelvision",9,8,7,1984,1986
"ExEn",48,112,21,2001,2006
"Exidy Sorcerer",85,28,27,1978,1985
"Feature phone",4,1,4,1998,2007
"Fire OS",127,565,162,2011,2025
"FM Towns",509,1885,216,1989,2020
"FM-7",418,445,144,1981,2023
"Freebox",24,0,14,2011,2018
"FreeBSD",14,0,4,1997,2010
"G-cluster",3,0,7,2016,2021
"Galaksija",17,11,0,1985,1988
"Game Boy",890,4224,688,1989,2025
"Game Boy Advance",1285,24396,931,2001,2026
"Game Boy Color",766,8741,817,1998,2026
"Game Gear",369,2459,291,1990,2026
"Game Wave",14,350,18,2005,2010
"Game.Com",22,10,9,1997,2024
"GameCube",635,37590,771,2001,2017
"GameStick",27,0,31,2013,2015
"Genesis",1075,10323,748,1988,2026
"GIMINI",8,0,37,1977,1982
"Gizmondo",17,142,17,2004,2007
"Gloud",101,0,296,2017,2019
"Glulx",10,53,0,2004,2017
"GNEX",4,0,1,2004,2005
"GP2X",41,31,14,2005,2014
"GP2X Wiz",21,23,12,2009,2017
"GP32",20,0,14,2001,2010
"GVM",4,0,1,2003,2005
"HD DVD Player",4,0,7,2007,2007
"Heath/Zenith H8/H89",25,5,12,1977,1982
"Heathkit H11",5,0,1,1977,1983
"Hitachi Basic Master",8,7,5,1979,1979
"Hitachi Basic Master Level 3",29,2,4,1981,2023
"Hitachi H68/TR",14,10,5,1978,1980
"Hitachi S1",30,9,21,1984,2023
"HP 9800",2,1,1,1974,1976
"HP Oscilloscope",3,0,1,1992,2000
"HP Programmable Calculator",72,56,9,1975,2011
"HP Series 80",2,0,1,1980,1981
"Hugo",1,1,0,2011,2011
"HyperScan",5,55,6,2006,2007
"IBM 5100",5,1,2,1977,1977
"Ideal-Computer",3,0,4,1977,1978
"iiRcade",62,0,58,2020,2025
"Intel 8008",6,3,3,1975,1976
"Intel 8080",86,36,31,1975,1980
"Intel 8086 / 8088",2,2,1,1979,1980
"Intellivision",131,137,50,1979,2025
"Interact Model One",7,0,3,1978,1979
"Interton Video 2000",5,0,2,1975,1976
"iPad",12794,29753,8020,2008,2029
"iPhone",13818,67920,8664,2008,2027
"iPod Classic",33,57,35,2004,2010
"J2ME",1355,9343,738,2000,2018
"Jaguar",111,1018,117,1993,2025
"Jolt",2,0,2,1976,1977
"Jupiter Ace",40,18,13,1982,2009
"KaiOS",12,162,18,2018,2021
"KIM-1",36,24,18,1976,1980
"Kindle Classic",21,0,13,2010,2013
"Laser 200",7,1,3,1983,2023
"LaserActive",32,649,81,1993,1996
"LeapFrog Explorer",6,0,6,2010,2012
"Leapster",50,82,16,2003,2011
"LeapTV",15,0,5,2014,2015
"Linux",12738,13276,7762,1991,2029
"Lkit-16",12,8,4,1978,1979
"Luna",142,3093,535,2020,2026
"Lynx",100,328,72,1989,2024
"Macintosh",23586,38441,13983,1984,2029
"Maemo",17,10,12,2008,2012
"Magic Leap",15,37,19,2018,2020
"Mainframe",682,782,95,1948,1994
"Marvel 2000",1,0,1,1978,1978
"Matsushita/Panasonic JR",22,16,6,1982,2023
"Mattel Aquarius",21,2,6,1983,2023
"MeeGo",34,9,36,2011,2012
"Memotech MTX",28,15,10,1984,1985
"Meritum",12,7,2,1985,1987
"Microbee",14,7,9,1982,2014
"Microtan 65",2,0,3,1980,1980
"Microvision",12,1,1,1979,1982
"Mitsubishi Multi-8",8,5,2,1983,2023
"Modular Game System",12,3,2,1979,1983
"Mophun",17,25,20,2002,2005
"MOS Technology 6502",15,14,6,1976,1981
"Motorola 6800",43,19,17,1976,1981
"Motorola 68k",2,2,0,1984,1986
"MRE",10,78,10,2012,2017
"MSX",1501,1481,592,1983,2026
"N-Gage",64,1924,92,2003,2022
"N-Gage (service)",28,379,41,2008,2009
"Nascom",23,13,10,1979,1984
"NEC TK-80",48,61,3,1978,1980
"Neo Geo",131,1173,52,1991,2025
"Neo Geo CD",101,539,27,1994,2021
"Neo Geo Pocket",10,70,7,1998,1998
"Neo Geo Pocket Color",76,408,40,1999,2025
"Neo Geo X",7,0,7,2012,2013
"NES",1658,5595,752,1983,2026
"NetBSD",1,0,0,1998,1998
"New Nintendo 3DS",126,494,79,2015,2022
"NewBrain",4,0,4,1983,1983
"Newton",7,8,6,1993,2002
"Nintendo 3DS",1696,29689,1229,2011,2025
"Nintendo 64",393,12788,444,1996,2023
"Nintendo DS",2406,58365,1814,2004,2026
"Nintendo DSi",644,2511,344,2008,2016
"Nintendo Switch",13858,87278,9698,2017,2027
"Nintendo Switch 2",299,12113,809,2025,2028
"North Star",64,12,21,1977,1983
"Noval 760",2,0,2,1977,1977
"Nuon",7,46,12,2000,2001
"Oculus Go",263,287,282,2015,2020
"Odyssey",22,1,1,1972,1973
"Odyssey 2",107,39,28,1978,2017
"Ohio Scientific",160,32,26,1977,1982
"OnLive",144,0,358,2010,2014
"OOParts",189,0,80,2020,2022
"OpenBSD",1,0,0,2007,2007
"Orao",3,3,3,1985,1986
"Oric",138,104,59,1983,2024
"OS/2",67,105,24,1988,2015
"Ouya",255,65,260,2013,2020
"Palm OS",216,353,164,1998,2010
"Pandora",15,95,3,2010,2022
"PC Booter",270,524,192,1981,2024
"PC-6001",149,51,52,1981,2023
"PC-8000",150,45,53,1979,2024
"PC-88",690,1086,250,1981,2023
"PC-98",1448,4960,516,1983,2023
"PC-FX",62,2315,121,1994,1998
"Pebble",5,9,2,2014,2016
"Philips P2000",70,26,11,1981,1986
"Philips VG 5000",21,11,8,1984,2013
"Photo CD",2,0,3,1995,1995
"PICO",36,0,63,2022,2025
"Pippin",21,32,30,1995,1997
"Playdate",130,442,66,2021,2026
"Playdia",1,0,1,1994,1994
"PlayStation",3253,72218,2357,1994,2021
"PlayStation 2",3535,153944,2517,2000,2020
"PlayStation 3",5174,122585,3191,2006,2022
"PlayStation 4",12190,181304,8778,2013,2027
"PlayStation 5",4848,168931,5792,2019,2028
"PlayStation Now",126,0,422,2014,2021
"Plex Arcade",27,0,7,2021,2021
"Pokitto",66,65,11,2017,2023
"Pokémon Mini",10,79,7,2001,2002
"Poly-88",14,3,10,1977,1979
"PS Vita",2630,22243,1989,2011,2023
"PSP",2327,57940,1827,2004,2026
"Quest",551,16403,863,2016,2027
"RCA Studio II",21,13,11,1977,1980
"Research Machines 380Z",6,8,3,1979,1980
"Roku",20,13,21,2011,2025
"SAM Coupé",29,57,26,1990,2024
"SC/MP",15,17,7,1977,1980
"SD-200/270/290",2,0,1,1983,1983
"SEGA 32X",41,1729,70,1994,1996
"SEGA CD",216,6419,294,1991,2016
"SEGA Master System",360,1344,215,1985,2026
"SEGA Pico",30,87,21,1994,2004
"SEGA Saturn",1161,24651,1110,1994,2000
"SG-1000",86,22,36,1983,2025
"Sharp MZ-80B/2000/2500",149,60,52,1981,2024
"Sharp MZ-80K/700/800/1500",143,59,47,1979,2025
"Sharp Programmable Calculator",1,1,1,1979,1979
"Sharp X1",400,358,136,1982,2023
"Sharp X68000",480,1597,214,1987,2022
"Sharp Zaurus",13,0,15,2000,2002
"Signetics 2650",2,4,0,1978,1978
"Sinclair QL",69,64,40,1984,2016
"SK-VM",4,0,1,2004,2007
"SMC-777",30,19,16,1983,2023
"SNES",1335,15133,925,1990,2025
"Socrates",10,0,2,1988,1990
"Sol-20",184,85,19,1976,2003
"Solaris",3,0,3,2001,2007
"Sord M5",25,1,8,1982,2023
"SPC-1000",3,1,5,1984,1987
"Spectravideo",35,10,14,1983,2025
"SRI-500/1000",1,0,1,1976,1976
"Stadia",307,7716,1277,2019,2023
"Super A'can",5,0,4,1995,1996
"Super Vision 8000",7,0,1,1978,1979
"SuperGrafx",7,54,10,1989,1991
"Supervision",69,31,9,1992,2024
"Sure Shot HD",6,0,7,2016,2017
"SWTPC 6800",47,16,15,1976,2023
"Symbian",463,1931,274,1997,2022
"TADS",11,21,1,1994,2019
"Taito X-55",2,1,1,1995,1995
"Tatung Einstein",36,10,25,1984,1989
"Tektronix 4050",4,1,0,1975,1977
"Tele-Spiel ES-2201",5,0,2,1975,1975
"Telstar Arcade",4,0,2,1977,1977
"TempleOS",16,10,5,2017,2026
"Terminal",507,246,52,1969,2015
"Thomson MO",91,71,46,1984,1989
"Thomson TO",111,75,54,1982,2018
"TI Programmable Calculator",152,145,14,1976,2024
"TI-99/4A",245,142,95,1979,2023
"TIC-80",35,19,4,2017,2022
"Tiki 100",4,4,2,1984,1986
"TIM",2,0,2,1976,1977
"Timex Sinclair 2068",14,1,12,1983,2013
"Tizen",34,0,26,2015,2017
"Tomahawk F1",30,0,55,2016,2016
"Tomy Tutor",19,0,3,1982,2023
"Toshiba Ex-80",6,4,3,1978,1979
"Toshiba Pasopia",40,9,14,1982,2023
"Triton",4,1,2,1978,1980
"TRS-80",1407,732,255,1977,2023
"TRS-80 CoCo",1122,632,270,1980,2023
"TRS-80 MC-10",14,1,1,1983,2023
"TRS-80 Model 100",6,2,4,1983,2024
"TurboGrafx CD",419,6411,291,1988,2021
"TurboGrafx-16",308,2142,195,1987,2024
"tvOS",641,511,882,2015,2026
"V.Flash",10,0,4,2006,2007
"V.Smile",13,0,5,2004,2009
"Vectrex",39,26,15,1982,2021
"Versatile",2,0,1,1977,1978
"VIC-20",968,435,289,1980,2025
"VideoBrain",11,3,2,1977,1979
"Videopac+ G7400",39,9,15,1983,2014
"Virtual Boy",28,349,34,1995,2003
"VIS",8,67,10,1992,1992
"visionOS",27,4,31,2022,2026
"Wang 2200",52,27,2,1974,1981
"watchOS",30,0,25,2015,2025
"webOS",79,197,53,2009,2021
"Wii",2635,70846,1945,2006,2026
"Wii U",1391,20011,1125,2012,2023
"Windows",84808,915203,42779,1993,2030
"Windows 16-bit",2282,24295,1843,1985,2020
"Windows Apps",3002,36005,3888,2007,2027
"Windows Mobile",347,1680,277,1997,2015
"Windows Phone",867,1109,737,2010,2023
"WIPI",13,92,15,2005,2009
"WonderSwan",108,793,100,1999,2024
"WonderSwan Color",50,641,53,2000,2023
"XaviXPORT",4,0,6,2004,2009
"Xbox",1068,46531,1138,2001,2019
"Xbox 360",5008,137657,3203,2005,2020
"Xbox Cloud Gaming",537,0,1630,2020,2027
"Xbox One",9141,64364,7544,2013,2027
"Xbox Series",5112,67382,6142,2007,2028
"Xerox Alto",10,13,0,1977,1982
"Z-machine",45,218,2,1995,2021
"Zeebo",58,850,53,2009,2010
"Zilog Z80",51,8,17,1976,1981
"Zilog Z8000",1,0,0,1983,1983
"Zodiac",19,48,24,2003,2007
"Zune",6,0,7,2009,2011
"ZX Spectrum",3683,3040,1138,1982,2025
"ZX Spectrum Next",73,91,22,2017,2025
"ZX80",15,12,13,1980,2012
"ZX81",311,179,121,1981,2023
